Timestamp,Class,Confidence,X1,Y1,X2,Y2
2025-10-29_08-53-35,shoplifting,0.6716314554214478,457,93,716,432
2025-10-29_08-53-36,normal,0.466849148273468,453,93,718,429
2025-10-29_08-53-36,normal,0.5406506061553955,447,91,722,428
2025-10-29_08-53-37,normal,0.5008401870727539,456,95,664,427
2025-10-29_08-53-37,normal,0.5789785385131836,460,100,603,428
2025-10-29_08-53-37,normal,0.5785132646560669,450,99,686,429
2025-10-29_08-53-37,normal,0.5879262089729309,405,97,696,429
2025-10-29_08-53-37,normal,0.5675731301307678,399,100,599,428
2025-10-29_08-53-37,normal,0.5382519960403442,453,101,632,427
2025-10-29_08-53-37,normal,0.46671316027641296,435,98,725,428
2025-10-29_08-53-37,normal,0.6334192752838135,460,103,626,427
2025-10-29_08-53-37,normal,0.5557875037193298,450,102,721,428
2025-10-29_08-53-38,normal,0.6771811842918396,457,104,640,428
2025-10-29_08-53-38,normal,0.6095379590988159,452,104,718,428
2025-10-29_08-53-38,normal,0.6610601544380188,453,102,617,428
2025-10-29_08-53-38,normal,0.6388383507728577,449,103,685,429
2025-10-29_08-53-38,normal,0.672013521194458,456,99,671,428
2025-10-29_08-53-38,normal,0.7256246209144592,453,99,731,430
2025-10-29_08-53-38,normal,0.6995052099227905,449,99,659,428
2025-10-29_08-53-39,normal,0.6759872436523438,448,99,653,428
2025-10-29_08-53-39,normal,0.5193648338317871,454,99,733,431
2025-10-29_08-53-39,normal,0.676999568939209,448,102,732,429
2025-10-29_08-53-39,normal,0.661807656288147,447,100,717,429
2025-10-29_08-53-39,normal,0.6369549632072449,447,100,727,429
2025-10-29_08-53-39,normal,0.6693305969238281,450,101,601,428
2025-10-29_08-53-39,normal,0.5795682072639465,448,103,718,429
2025-10-29_08-53-40,normal,0.7159550189971924,455,106,590,429
2025-10-29_08-53-40,normal,0.5496099591255188,454,107,661,429
2025-10-29_08-53-40,normal,0.7441954016685486,451,103,586,428
2025-10-29_08-53-40,normal,0.5386048555374146,451,106,654,429
2025-10-29_08-53-40,normal,0.7704067826271057,450,103,583,429
2025-10-29_08-53-40,normal,0.7916719913482666,440,103,581,429
2025-10-29_08-53-40,normal,0.5102756023406982,557,111,727,432
2025-10-29_08-53-40,normal,0.7659154534339905,440,106,581,429
2025-10-29_08-53-40,normal,0.5805929899215698,560,112,726,432
2025-10-29_08-53-40,normal,0.6805603504180908,438,100,595,430
2025-10-29_08-53-40,normal,0.5318421125411987,443,102,681,430
2025-10-29_08-53-41,normal,0.6772578358650208,438,105,580,430
2025-10-29_08-53-41,normal,0.4660729169845581,496,110,726,431
2025-10-29_08-53-41,normal,0.6680739521980286,421,99,573,429
2025-10-29_08-53-41,normal,0.6161553859710693,424,100,569,429
2025-10-29_08-53-41,normal,0.5672376751899719,432,97,563,428
2025-10-29_08-53-41,normal,0.7279173135757446,433,100,560,429
2025-10-29_08-53-42,normal,0.6717385649681091,435,98,557,427
2025-10-29_08-53-42,normal,0.5251450538635254,419,90,553,427
2025-10-29_08-53-42,normal,0.6680343747138977,410,83,550,427
2025-10-29_08-53-42,normal,0.7022340297698975,400,84,544,424
2025-10-29_08-53-42,normal,0.6875566840171814,400,87,542,423
2025-10-29_08-53-42,normal,0.5442817211151123,565,125,716,432
2025-10-29_08-53-51,normal,0.5239809155464172,359,65,539,430
2025-10-29_08-53-51,normal,0.607585072517395,364,66,535,430
2025-10-29_08-53-51,normal,0.6235201358795166,338,71,534,431
2025-10-29_08-53-51,normal,0.49289727210998535,534,134,655,432
2025-10-29_08-53-52,normal,0.5882408618927002,335,71,533,431
2025-10-29_08-53-52,normal,0.5724222660064697,324,85,531,429
2025-10-29_08-53-52,normal,0.6785460114479065,347,76,531,432
2025-10-29_08-53-52,normal,0.6477183699607849,316,73,533,432
2025-10-29_08-53-55,normal,0.4915942847728729,534,138,650,431
2025-10-29_08-53-55,normal,0.572979211807251,371,84,512,429
2025-10-29_08-53-55,normal,0.5555721521377563,534,138,652,431
2025-10-29_08-53-55,normal,0.7522857785224915,534,140,655,431
2025-10-29_08-53-55,normal,0.5350322723388672,376,92,510,416
2025-10-29_08-53-55,normal,0.7529298067092896,534,141,657,430
2025-10-29_08-53-55,normal,0.695248007774353,369,85,509,416
2025-10-29_08-53-55,normal,0.7730286121368408,533,140,655,431
2025-10-29_08-53-55,normal,0.766010046005249,364,75,507,408
2025-10-29_08-53-56,normal,0.7524549961090088,356,63,505,419
2025-10-29_08-53-56,normal,0.6016646027565002,533,139,652,430
2025-10-29_08-53-56,normal,0.7693207859992981,358,68,503,420
2025-10-29_08-53-56,normal,0.5353723168373108,533,137,651,430
2025-10-29_08-53-56,normal,0.7474565505981445,360,61,501,423
2025-10-29_08-53-56,normal,0.5034888386726379,532,136,650,429
2025-10-29_08-53-56,normal,0.7861905694007874,359,60,500,426
2025-10-29_08-53-56,normal,0.7436607480049133,531,137,652,429
2025-10-29_08-53-56,normal,0.8171926736831665,531,138,651,429
2025-10-29_08-53-56,normal,0.7576438784599304,351,70,498,427
2025-10-29_08-53-57,normal,0.8288640379905701,530,139,652,429
2025-10-29_08-53-57,normal,0.7624462842941284,346,68,496,427
2025-10-29_08-53-57,normal,0.8318228125572205,530,139,651,428
2025-10-29_08-53-57,normal,0.7360866069793701,343,73,494,426
2025-10-29_08-53-57,normal,0.8277943730354309,530,139,651,428
2025-10-29_08-53-57,normal,0.7228846549987793,346,72,493,426
2025-10-29_08-53-57,normal,0.8250699043273926,530,139,649,428
2025-10-29_08-53-57,normal,0.7465766072273254,337,66,493,427
2025-10-29_08-53-57,normal,0.8345145583152771,530,139,651,427
2025-10-29_08-53-57,normal,0.755618155002594,328,58,492,427
2025-10-29_08-53-58,normal,0.83574378490448,529,138,651,427
2025-10-29_08-53-58,normal,0.7665129899978638,316,56,490,430
2025-10-29_08-53-58,normal,0.8345916867256165,529,138,649,427
2025-10-29_08-53-58,normal,0.6622701287269592,316,55,491,427
2025-10-29_08-53-58,normal,0.840687096118927,529,136,650,426
2025-10-29_08-53-58,normal,0.7669419050216675,314,58,491,428
2025-10-29_08-53-58,normal,0.8344159722328186,530,137,651,426
2025-10-29_08-53-58,normal,0.7947736978530884,315,66,490,428
2025-10-29_08-53-58,normal,0.8403055667877197,531,137,653,425
2025-10-29_08-53-58,normal,0.8050559163093567,315,68,487,430
2025-10-29_08-53-58,normal,0.8326447606086731,531,138,651,425
2025-10-29_08-53-58,normal,0.7947765588760376,315,68,488,430
2025-10-29_08-53-59,normal,0.8192076683044434,532,138,650,425
2025-10-29_08-53-59,normal,0.7780534625053406,316,67,488,430
2025-10-29_08-53-59,normal,0.8259527087211609,315,68,486,430
2025-10-29_08-53-59,normal,0.7973702549934387,532,137,649,425
2025-10-29_08-53-59,normal,0.8220967054367065,311,70,485,430
2025-10-29_08-53-59,normal,0.7910342216491699,533,137,646,423
2025-10-29_08-53-59,normal,0.8142042756080627,309,72,485,430
2025-10-29_08-53-59,normal,0.7986130714416504,533,137,646,423
2025-10-29_08-53-59,normal,0.820092499256134,310,76,484,430
2025-10-29_08-53-59,normal,0.8028882741928101,533,138,646,423
2025-10-29_08-54-00,normal,0.8250321745872498,310,77,485,431
2025-10-29_08-54-00,normal,0.7957994341850281,533,138,646,424
2025-10-29_08-54-00,normal,0.7955338954925537,533,138,649,423
2025-10-29_08-54-00,normal,0.7602141499519348,308,75,486,430
2025-10-29_08-54-00,normal,0.8103436827659607,311,74,486,429
2025-10-29_08-54-00,normal,0.7977743148803711,534,139,649,422
2025-10-29_08-54-00,normal,0.7878834009170532,316,71,488,428
2025-10-29_08-54-00,normal,0.7253561019897461,532,137,649,423
2025-10-29_08-54-00,normal,0.8011456727981567,317,75,487,427
2025-10-29_08-54-00,normal,0.6934545040130615,532,135,647,422
2025-10-29_08-54-00,normal,0.5131896138191223,529,132,705,424
2025-10-29_08-54-01,normal,0.8202981352806091,312,49,489,425
2025-10-29_08-54-01,normal,0.5692576169967651,533,135,652,422
2025-10-29_08-54-01,normal,0.5231229662895203,530,131,747,424
2025-10-29_08-54-01,normal,0.8247020840644836,314,41,490,426
2025-10-29_08-54-01,normal,0.6633923053741455,532,136,651,422
2025-10-29_08-54-01,normal,0.59837406873703,528,132,747,424
2025-10-29_08-54-01,normal,0.8128575086593628,316,42,491,427
2025-10-29_08-54-01,normal,0.6761754751205444,534,138,663,420
2025-10-29_08-54-01,normal,0.6199842095375061,531,134,753,423
2025-10-29_08-54-01,normal,0.8262792229652405,318,42,493,430
2025-10-29_08-54-01,normal,0.618118166923523,534,138,675,419
2025-10-29_08-54-01,normal,0.6026771664619446,531,131,755,422
2025-10-29_08-54-01,normal,0.809203565120697,322,47,494,428
2025-10-29_08-54-01,normal,0.5287104845046997,533,126,756,421
2025-10-29_08-54-01,normal,0.7916859984397888,326,51,496,427
2025-10-29_08-54-02,normal,0.7709096670150757,328,50,499,417
2025-10-29_08-54-02,normal,0.6459763646125793,537,138,735,420
2025-10-29_08-54-02,normal,0.5758520364761353,540,138,726,420
2025-10-29_08-54-02,normal,0.4989969730377197,320,45,501,418
2025-10-29_08-54-02,normal,0.6718509793281555,545,141,700,419
2025-10-29_08-54-02,normal,0.4950661063194275,324,46,503,423
2025-10-29_08-54-02,normal,0.6761720180511475,545,141,705,420
2025-10-29_08-54-02,normal,0.6210631728172302,327,49,504,421
2025-10-29_08-54-03,normal,0.6977366805076599,546,142,683,419
2025-10-29_08-54-03,normal,0.626422107219696,336,47,506,418
2025-10-29_08-54-03,normal,0.6880214810371399,547,141,669,419
2025-10-29_08-54-03,normal,0.5987051725387573,339,47,506,413
2025-10-29_08-54-03,normal,0.7622091174125671,548,139,678,420
2025-10-29_08-54-03,normal,0.7344058156013489,340,50,507,413
2025-10-29_08-54-03,normal,0.6979985237121582,549,138,681,419
2025-10-29_08-54-03,normal,0.6359014511108398,342,48,508,411
2025-10-29_08-54-03,normal,0.6931816935539246,549,138,688,419
2025-10-29_08-54-03,normal,0.5598011612892151,339,47,509,412
2025-10-29_08-54-04,normal,0.6827524304389954,550,138,690,419
2025-10-29_08-54-04,normal,0.560752809047699,336,47,510,416
2025-10-29_08-54-04,normal,0.7608820796012878,549,138,693,418
2025-10-29_08-54-04,normal,0.5199859738349915,346,47,512,424
2025-10-29_08-54-04,normal,0.7575910091400146,549,138,693,418
2025-10-29_08-54-04,normal,0.6803691387176514,342,46,513,425
2025-10-29_08-54-04,normal,0.7342386245727539,549,137,691,417
2025-10-29_08-54-04,normal,0.7090415358543396,348,46,514,428
2025-10-29_08-54-04,normal,0.7139848470687866,550,135,688,417
2025-10-29_08-54-04,normal,0.6960388422012329,349,45,515,428
2025-10-29_08-54-05,normal,0.7275425791740417,351,46,516,425
2025-10-29_08-54-05,normal,0.6906524896621704,552,136,696,417
2025-10-29_08-54-05,normal,0.7378431558609009,351,46,516,414
2025-10-29_08-54-05,normal,0.546466588973999,551,135,698,416
2025-10-29_08-54-05,normal,0.7742093801498413,349,50,516,421
2025-10-29_08-54-05,normal,0.6905344128608704,550,135,696,416
2025-10-29_08-54-06,normal,0.7541664242744446,349,49,517,413
2025-10-29_08-54-06,normal,0.7404024600982666,550,134,696,416
2025-10-29_08-54-06,normal,0.7316843867301941,552,136,695,417
2025-10-29_08-54-06,normal,0.7070642709732056,352,46,520,404
2025-10-29_08-54-06,normal,0.7674959301948547,552,135,695,417
2025-10-29_08-54-06,normal,0.7301388382911682,352,46,522,403
2025-10-29_08-54-06,normal,0.791948676109314,552,133,695,417
2025-10-29_08-54-06,normal,0.7159000039100647,353,45,523,409
2025-10-29_08-54-06,normal,0.7489096522331238,554,134,695,415
2025-10-29_08-54-06,normal,0.7105998396873474,356,44,524,405
2025-10-29_08-54-06,normal,0.6999533772468567,554,133,699,414
2025-10-29_08-54-06,normal,0.599578320980072,355,44,527,404
2025-10-29_08-54-07,normal,0.7020516991615295,556,134,695,414
2025-10-29_08-54-07,normal,0.603965699672699,357,44,528,399
2025-10-29_08-54-07,normal,0.7934772372245789,556,135,695,413
2025-10-29_08-54-07,normal,0.5348636507987976,366,44,528,405
2025-10-29_08-54-07,normal,0.7857709527015686,555,137,697,412
2025-10-29_08-54-07,normal,0.5829545855522156,368,45,529,400
2025-10-29_08-54-07,normal,0.7608658075332642,554,137,701,412
2025-10-29_08-54-07,normal,0.491924524307251,370,44,530,407
2025-10-29_08-54-08,normal,0.7545468807220459,554,138,700,412
2025-10-29_08-54-08,normal,0.5761046409606934,369,44,530,408
2025-10-29_08-54-08,normal,0.7144500613212585,557,140,701,412
2025-10-29_08-54-08,normal,0.5495896339416504,371,44,532,423
2025-10-29_08-54-08,normal,0.6734339594841003,558,140,713,412
2025-10-29_08-54-08,normal,0.5276899337768555,375,44,534,402
2025-10-29_08-54-08,normal,0.6175962090492249,559,135,725,412
2025-10-29_08-54-08,normal,0.5348594784736633,379,45,535,388
2025-10-29_08-54-08,normal,0.7405684590339661,558,138,721,411
2025-10-29_08-54-08,normal,0.5343189835548401,378,44,535,387
2025-10-29_08-54-09,normal,0.7562054991722107,558,139,708,411
2025-10-29_08-54-09,normal,0.6372206211090088,379,44,536,389
2025-10-29_08-54-09,normal,0.7024885416030884,561,140,705,411
2025-10-29_08-54-09,normal,0.6291019916534424,383,44,536,388
2025-10-29_08-54-09,normal,0.7482897639274597,564,141,698,411
2025-10-29_08-54-09,normal,0.650251030921936,382,42,536,382
2025-10-29_08-54-09,normal,0.7328879833221436,563,139,692,411
2025-10-29_08-54-09,normal,0.563956081867218,381,41,537,383
2025-10-29_08-54-09,normal,0.7577352523803711,565,138,686,411
2025-10-29_08-54-09,normal,0.5438166856765747,382,41,538,384
2025-10-29_08-54-10,normal,0.7428132891654968,566,138,676,410
2025-10-29_08-54-10,normal,0.49823907017707825,384,40,538,381
2025-10-29_08-54-10,normal,0.7521326541900635,567,137,674,410
2025-10-29_08-54-10,normal,0.7494871616363525,567,137,670,410
2025-10-29_08-54-10,normal,0.7640237808227539,568,137,671,410
2025-10-29_08-54-10,normal,0.7567305564880371,568,137,669,409
2025-10-29_08-54-11,normal,0.7484501004219055,568,137,669,409
2025-10-29_08-54-11,normal,0.7344424724578857,567,137,669,409
2025-10-29_08-54-11,normal,0.7259803414344788,567,136,669,410
2025-10-29_08-54-11,normal,0.4563167691230774,382,32,544,396
2025-10-29_08-54-11,normal,0.7070977687835693,567,136,670,410
2025-10-29_08-54-11,normal,0.6804669499397278,568,135,670,410
2025-10-29_08-54-12,normal,0.675058126449585,568,135,671,411
2025-10-29_08-54-12,normal,0.5245946645736694,380,31,545,431
2025-10-29_08-54-12,normal,0.6990770101547241,570,136,674,411
2025-10-29_08-54-12,normal,0.6740800738334656,382,34,545,426
2025-10-29_08-54-12,normal,0.7205840945243835,382,36,545,427
2025-10-29_08-54-12,normal,0.6803690791130066,570,136,675,412
2025-10-29_08-54-12,normal,0.7819226980209351,384,35,545,405
2025-10-29_08-54-12,normal,0.6867247819900513,571,136,678,413
2025-10-29_08-54-12,normal,0.789603590965271,384,35,545,400
2025-10-29_08-54-12,normal,0.7034196853637695,571,137,678,413
2025-10-29_08-54-13,normal,0.8082720041275024,385,35,545,398
2025-10-29_08-54-13,normal,0.729610025882721,571,137,679,414
2025-10-29_08-54-13,normal,0.7832183837890625,387,34,545,394
2025-10-29_08-54-13,normal,0.7373375296592712,571,138,679,414
2025-10-29_08-54-13,normal,0.7843714356422424,388,35,546,395
2025-10-29_08-54-13,normal,0.7093865275382996,573,138,678,415
2025-10-29_08-54-13,normal,0.796285092830658,386,34,546,388
2025-10-29_08-54-13,normal,0.707267701625824,573,137,678,416
2025-10-29_08-54-13,normal,0.7951507568359375,385,34,547,392
2025-10-29_08-54-13,normal,0.7080913186073303,573,137,680,417
2025-10-29_08-54-14,normal,0.7841814160346985,386,31,547,393
2025-10-29_08-54-14,normal,0.7102457284927368,574,138,679,417
2025-10-29_08-54-14,normal,0.7790372967720032,387,32,548,395
2025-10-29_08-54-14,normal,0.7216800451278687,575,138,680,418
2025-10-29_08-54-14,normal,0.783656895160675,386,33,548,393
2025-10-29_08-54-14,normal,0.7448203563690186,576,138,682,418
2025-10-29_08-54-14,normal,0.8036929368972778,386,37,548,398
2025-10-29_08-54-14,normal,0.740673303604126,576,138,683,418
2025-10-29_08-54-14,normal,0.8023363351821899,387,36,548,398
2025-10-29_08-54-14,normal,0.7287260890007019,576,139,684,419
2025-10-29_08-54-15,normal,0.8078641891479492,387,39,547,405
2025-10-29_08-54-15,normal,0.7391937375068665,576,139,684,419
2025-10-29_08-54-15,normal,0.816778302192688,386,40,547,396
2025-10-29_08-54-15,normal,0.7406617999076843,576,139,684,420
2025-10-29_08-54-15,normal,0.813528835773468,387,41,548,430
2025-10-29_08-54-15,normal,0.6969121694564819,575,139,684,421
2025-10-29_08-54-15,normal,0.8220902681350708,388,42,549,430
2025-10-29_08-54-15,normal,0.6985576152801514,575,140,684,422
2025-10-29_08-54-15,normal,0.8314681053161621,390,43,550,428
2025-10-29_08-54-15,normal,0.6945552229881287,575,140,683,423
2025-10-29_08-54-15,normal,0.8439732789993286,384,47,550,418
2025-10-29_08-54-15,normal,0.7028506398200989,575,141,682,422
2025-10-29_08-54-16,normal,0.8476172089576721,383,47,550,423
2025-10-29_08-54-16,normal,0.6915236115455627,576,141,682,423
2025-10-29_08-54-16,normal,0.8463137149810791,383,48,551,428
2025-10-29_08-54-16,normal,0.7063130736351013,577,140,683,423
2025-10-29_08-54-16,normal,0.8418139815330505,381,50,551,430
2025-10-29_08-54-16,normal,0.7013434767723083,576,141,683,422
2025-10-29_08-54-16,normal,0.8355064988136292,380,50,551,431
2025-10-29_08-54-16,normal,0.6985297203063965,576,140,682,422
2025-10-29_08-54-16,normal,0.8358903527259827,382,51,553,431
2025-10-29_08-54-16,normal,0.6935194730758667,575,140,683,423
2025-10-29_08-54-17,normal,0.8394057154655457,384,54,553,430
2025-10-29_08-54-17,normal,0.681466817855835,576,142,683,423
2025-10-29_08-54-17,normal,0.8357195258140564,384,52,554,429
2025-10-29_08-54-17,normal,0.68082594871521,576,148,682,423
2025-10-29_08-54-17,normal,0.8303751349449158,386,51,555,431
2025-10-29_08-54-17,normal,0.7188283801078796,577,142,682,422
2025-10-29_08-54-17,normal,0.8211154341697693,387,49,558,430
2025-10-29_08-54-17,normal,0.6985355615615845,576,141,683,423
2025-10-29_08-54-17,normal,0.8161464929580688,389,50,559,430
2025-10-29_08-54-17,normal,0.6858057975769043,577,139,684,423
2025-10-29_08-54-18,normal,0.8173004984855652,392,51,561,430
2025-10-29_08-54-18,normal,0.7163556218147278,578,143,683,424
2025-10-29_08-54-18,normal,0.8191128969192505,391,52,566,428
2025-10-29_08-54-18,normal,0.6638085842132568,578,149,683,424
2025-10-29_08-54-18,normal,0.8224032521247864,391,53,570,427
2025-10-29_08-54-18,normal,0.6699457168579102,579,170,683,424
2025-10-29_08-54-18,normal,0.8397200703620911,394,52,573,430
2025-10-29_08-54-18,normal,0.5654997825622559,580,169,683,425
2025-10-29_08-54-18,normal,0.8513069152832031,396,51,576,432
2025-10-29_08-54-18,normal,0.5646684765815735,580,151,684,425
2025-10-29_08-54-19,normal,0.8223642706871033,399,55,580,431
2025-10-29_08-54-19,normal,0.6309001445770264,580,152,684,426
2025-10-29_08-54-19,normal,0.8294704556465149,402,55,583,428
2025-10-29_08-54-19,normal,0.706729531288147,581,136,684,426
2025-10-29_08-54-19,normal,0.829988956451416,409,55,585,430
2025-10-29_08-54-19,normal,0.7484214305877686,581,135,684,425
2025-10-29_08-54-19,normal,0.8334239721298218,413,58,589,430
2025-10-29_08-54-19,normal,0.7653577327728271,581,134,684,424
2025-10-29_08-54-19,normal,0.8497975468635559,416,59,591,430
2025-10-29_08-54-19,normal,0.7625679969787598,582,133,684,424
2025-10-29_08-54-20,normal,0.8420382142066956,420,62,591,431
2025-10-29_08-54-20,normal,0.7482849359512329,584,136,684,424
2025-10-29_08-54-20,normal,0.8158261775970459,424,59,594,432
2025-10-29_08-54-20,normal,0.7579070925712585,585,130,684,424
2025-10-29_08-54-20,normal,0.8035722374916077,431,59,599,432
2025-10-29_08-54-20,normal,0.7652092576026917,586,135,686,424
2025-10-29_08-54-20,normal,0.8183885812759399,434,58,602,432
2025-10-29_08-54-20,normal,0.7699143290519714,589,136,695,424
2025-10-29_08-54-20,normal,0.8008327484130859,436,57,605,432
2025-10-29_08-54-20,normal,0.8006124496459961,591,136,703,424
2025-10-29_08-54-20,normal,0.8004072308540344,592,135,710,425
2025-10-29_08-54-20,normal,0.7165470719337463,442,60,609,428
2025-10-29_08-54-21,normal,0.7769205570220947,594,121,718,424
2025-10-29_08-54-21,normal,0.7039890289306641,449,57,615,428
2025-10-29_08-54-21,normal,0.7901661992073059,598,121,719,422
2025-10-29_08-54-21,normal,0.7178273797035217,456,56,618,428
2025-10-29_08-54-21,normal,0.7602195143699646,463,56,621,428
2025-10-29_08-54-21,normal,0.7471541166305542,598,122,725,421
2025-10-29_08-54-21,normal,0.7337565422058105,467,55,625,429
2025-10-29_08-54-21,normal,0.6197541356086731,602,125,740,421
2025-10-29_08-54-21,normal,0.5908862948417664,465,52,665,425
2025-10-29_08-54-22,normal,0.5657060146331787,470,54,749,428
2025-10-29_08-54-22,normal,0.5322200059890747,472,49,752,427
2025-10-29_08-54-25,normal,0.49437859654426575,453,36,728,429
2025-10-29_08-54-25,normal,0.5487842559814453,447,34,692,428
2025-10-29_08-54-28,normal,0.5230565667152405,412,19,643,429
2025-10-29_08-54-28,normal,0.6496795415878296,403,26,636,428
2025-10-29_08-54-28,normal,0.7304320335388184,423,38,634,427
2025-10-29_08-54-29,normal,0.7216783165931702,419,52,631,428
2025-10-29_08-54-29,normal,0.7073742747306824,420,62,612,426
2025-10-29_08-54-29,normal,0.7619355320930481,422,82,605,428
2025-10-29_08-54-29,normal,0.7595267295837402,435,77,600,428
2025-10-29_08-54-29,normal,0.6815601587295532,578,58,768,409
2025-10-29_08-54-30,normal,0.7776439189910889,427,66,595,431
2025-10-29_08-54-30,normal,0.5467513799667358,576,101,768,410
2025-10-29_08-54-30,normal,0.8308325409889221,416,54,592,431
2025-10-29_08-54-30,normal,0.7114567756652832,575,87,768,411
2025-10-29_08-54-30,normal,0.7896174788475037,415,53,587,431
2025-10-29_08-54-30,normal,0.7608184814453125,572,80,768,411
2025-10-29_08-54-30,normal,0.7909897565841675,570,82,768,410
2025-10-29_08-54-30,normal,0.7839111089706421,414,55,584,431
2025-10-29_08-54-30,normal,0.8228877186775208,403,59,580,431
2025-10-29_08-54-30,normal,0.7921847701072693,567,77,768,410
2025-10-29_08-54-31,normal,0.8263453245162964,400,55,579,430
2025-10-29_08-54-31,normal,0.8111562728881836,563,69,768,409
2025-10-29_08-54-31,normal,0.833342969417572,391,50,575,429
2025-10-29_08-54-31,normal,0.7895907163619995,560,102,768,408
2025-10-29_08-54-31,normal,0.8618840575218201,383,57,570,429
2025-10-29_08-54-31,normal,0.7481362223625183,557,90,768,407
2025-10-29_08-54-31,normal,0.8639602065086365,377,61,569,429
2025-10-29_08-54-31,normal,0.8061862587928772,557,101,766,407
2025-10-29_08-54-31,normal,0.8598967790603638,377,59,564,430
2025-10-29_08-54-31,normal,0.7899359464645386,556,110,766,407
2025-10-29_08-54-32,normal,0.8337765336036682,371,55,560,430
2025-10-29_08-54-32,normal,0.7730836272239685,557,100,766,408
2025-10-29_08-54-32,normal,0.8270836472511292,361,47,557,429
2025-10-29_08-54-32,normal,0.8029373288154602,557,117,765,408
2025-10-29_08-54-32,normal,0.8271917104721069,362,46,555,430
2025-10-29_08-54-32,normal,0.7980812191963196,556,113,765,407
2025-10-29_08-54-32,normal,0.8399502038955688,356,50,547,431
2025-10-29_08-54-32,normal,0.7762635350227356,556,105,765,408
2025-10-29_08-54-32,normal,0.8099827170372009,357,52,543,431
2025-10-29_08-54-32,normal,0.7362724542617798,556,82,763,409
2025-10-29_08-54-32,normal,0.7856230735778809,356,49,540,430
2025-10-29_08-54-32,normal,0.7423460483551025,555,127,763,406
2025-10-29_08-54-33,normal,0.7349549531936646,359,47,533,430
2025-10-29_08-54-33,normal,0.7321732044219971,554,125,762,406
2025-10-29_08-54-33,normal,0.7724173069000244,353,51,529,430
2025-10-29_08-54-33,normal,0.6221415996551514,553,67,764,407
2025-10-29_08-54-33,normal,0.7947738170623779,342,50,527,430
2025-10-29_08-54-33,normal,0.4648546874523163,551,63,763,407
2025-10-29_08-54-33,normal,0.7976120710372925,339,51,524,431
2025-10-29_08-54-33,normal,0.596507728099823,550,114,760,406
2025-10-29_08-54-33,normal,0.8133094906806946,335,52,523,430
2025-10-29_08-54-33,normal,0.6829856038093567,548,103,755,405
2025-10-29_08-54-34,normal,0.7977741360664368,336,52,521,431
2025-10-29_08-54-34,normal,0.6344033479690552,547,91,759,405
2025-10-29_08-54-34,normal,0.7972518801689148,328,59,521,431
2025-10-29_08-54-34,normal,0.6561011672019958,546,105,758,404
2025-10-29_08-54-34,normal,0.7956439852714539,323,52,521,431
2025-10-29_08-54-34,normal,0.8024951219558716,324,44,520,431
2025-10-29_08-54-34,normal,0.768747091293335,546,93,758,404
2025-10-29_08-54-34,normal,0.8070409297943115,327,42,519,431
2025-10-29_08-54-34,normal,0.6940543055534363,546,92,760,404
2025-10-29_08-54-35,normal,0.8092567920684814,326,36,518,432
2025-10-29_08-54-35,normal,0.7027522921562195,546,103,758,404
2025-10-29_08-54-35,normal,0.8031814098358154,323,43,517,431
2025-10-29_08-54-35,normal,0.679153323173523,546,109,758,403
2025-10-29_08-54-35,normal,0.7793554663658142,323,56,516,431
2025-10-29_08-54-35,normal,0.7591232657432556,546,118,757,403
2025-10-29_08-54-35,normal,0.5685334801673889,312,43,516,431
2025-10-29_08-54-35,normal,0.5644637942314148,543,103,760,404
2025-10-29_08-54-35,normal,0.4674469232559204,544,54,761,406
2025-10-29_08-54-37,normal,0.453427791595459,540,103,763,402
2025-10-29_08-54-39,normal,0.4717360734939575,537,61,748,402
2025-10-29_08-54-39,normal,0.5764378905296326,537,60,734,401
2025-10-29_08-54-40,normal,0.5860891342163086,537,56,742,401
2025-10-29_08-54-40,normal,0.5984996557235718,537,60,743,401
2025-10-29_08-54-40,normal,0.6710765361785889,537,70,729,401
2025-10-29_08-54-40,normal,0.5801541805267334,537,52,753,401
2025-10-29_08-54-40,normal,0.5555555820465088,537,42,762,401
2025-10-29_08-54-40,normal,0.5606971383094788,537,47,761,401
2025-10-29_08-54-41,normal,0.5260985493659973,537,47,761,401
2025-10-29_08-54-41,normal,0.48849523067474365,308,34,511,431
2025-10-29_08-54-41,normal,0.47981786727905273,308,34,511,431
2025-10-29_08-54-41,normal,0.45168834924697876,537,38,762,401
2025-10-29_08-54-41,normal,0.6304123401641846,310,34,511,431
2025-10-29_08-54-41,normal,0.4888758063316345,537,46,751,400
2025-10-29_08-54-41,normal,0.6605680584907532,306,35,511,430
2025-10-29_08-54-41,normal,0.5215295553207397,538,35,761,400
2025-10-29_08-54-41,normal,0.6962594389915466,310,35,511,431
2025-10-29_08-54-41,normal,0.5498892068862915,538,32,761,400
2025-10-29_08-54-42,normal,0.7372987866401672,303,34,511,431
2025-10-29_08-54-42,normal,0.5743446350097656,537,28,762,400
2025-10-29_08-54-42,normal,0.6296818852424622,304,32,511,430
2025-10-29_08-54-42,normal,0.5302543044090271,537,22,762,399
2025-10-29_08-54-42,normal,0.6312522888183594,304,30,512,431
2025-10-29_08-54-42,normal,0.4814783036708832,537,20,761,400
2025-10-29_08-54-42,normal,0.6946414113044739,307,30,512,431
2025-10-29_08-54-42,normal,0.7265709042549133,305,30,512,431
2025-10-29_08-54-42,normal,0.750443160533905,303,32,512,431
2025-10-29_08-54-42,normal,0.5148006677627563,537,18,761,399
2025-10-29_08-54-43,normal,0.7318081259727478,303,31,511,431
2025-10-29_08-54-43,normal,0.5300911068916321,536,19,761,399
2025-10-29_08-54-43,normal,0.775817334651947,308,29,512,431
2025-10-29_08-54-43,normal,0.4891437590122223,536,20,758,397
2025-10-29_08-54-43,normal,0.7739318013191223,303,26,514,431
2025-10-29_08-54-43,normal,0.8018392324447632,305,28,514,430
2025-10-29_08-54-43,normal,0.762705385684967,308,25,515,431
2025-10-29_08-54-44,normal,0.7250165343284607,308,26,517,431
2025-10-29_08-54-44,normal,0.7219220399856567,303,26,519,431
2025-10-29_08-54-44,normal,0.725511908531189,305,25,520,431
2025-10-29_08-54-44,normal,0.7244716286659241,306,24,523,431
2025-10-29_08-54-45,normal,0.7353713512420654,308,24,523,431
2025-10-29_08-54-45,normal,0.7260961532592773,309,24,524,431
2025-10-29_08-54-45,normal,0.7155886888504028,311,24,524,431
2025-10-29_08-54-45,normal,0.7918953895568848,321,29,523,431
2025-10-29_08-54-45,normal,0.774718165397644,320,27,524,431
2025-10-29_08-54-46,normal,0.7533950805664062,321,25,525,431
2025-10-29_08-54-46,normal,0.7810187935829163,325,25,526,431
2025-10-29_08-54-46,normal,0.7818213105201721,327,25,527,431
2025-10-29_08-54-46,normal,0.7864755392074585,332,26,527,430
2025-10-29_08-54-46,normal,0.7065146565437317,333,25,528,431
2025-10-29_08-54-47,normal,0.776997447013855,338,27,527,430
2025-10-29_08-54-47,normal,0.7303646206855774,335,27,527,430
2025-10-29_08-54-47,normal,0.772142231464386,339,49,526,430
2025-10-29_08-54-47,normal,0.8009734749794006,340,44,526,430
2025-10-29_08-54-47,normal,0.4850890338420868,521,6,754,400
2025-10-29_08-54-47,normal,0.8435025811195374,341,26,526,430
2025-10-29_08-54-47,normal,0.5754977464675903,522,6,751,401
2025-10-29_08-54-47,normal,0.8562871813774109,342,28,526,431
2025-10-29_08-54-47,normal,0.5871161818504333,523,6,751,402
2025-10-29_08-54-48,normal,0.8562412261962891,341,27,525,431
2025-10-29_08-54-48,normal,0.5940133333206177,524,8,752,400
2025-10-29_08-54-48,normal,0.8596952557563782,342,27,525,431
2025-10-29_08-54-48,normal,0.5195563435554504,520,9,751,398
2025-10-29_08-54-48,normal,0.8548222780227661,341,28,526,431
2025-10-29_08-54-48,normal,0.8400967717170715,341,32,525,431
2025-10-29_08-54-48,normal,0.8587559461593628,337,62,522,430
2025-10-29_08-54-49,normal,0.8552483916282654,335,60,521,430
2025-10-29_08-54-49,normal,0.8609113097190857,333,55,520,430
2025-10-29_08-54-49,normal,0.46882185339927673,517,82,698,394
2025-10-29_08-54-49,normal,0.8655558228492737,333,62,519,430
2025-10-29_08-54-49,normal,0.5241105556488037,515,114,677,394
2025-10-29_08-54-49,normal,0.8071339726448059,331,68,518,429
2025-10-29_08-54-49,normal,0.5668616890907288,517,113,677,395
2025-10-29_08-54-49,normal,0.7147868275642395,329,42,518,430
2025-10-29_08-54-49,normal,0.6095044016838074,519,115,689,396
2025-10-29_08-54-49,normal,0.5090351104736328,514,128,636,390
2025-10-29_08-54-50,normal,0.6875032186508179,317,36,518,431
2025-10-29_08-54-50,normal,0.7373731732368469,313,37,518,431
2025-10-29_08-54-50,normal,0.71107417345047,509,129,632,390
2025-10-29_08-54-50,normal,0.7818361520767212,509,133,629,390
2025-10-29_08-54-50,normal,0.7369509339332581,317,52,516,431
2025-10-29_08-54-50,normal,0.7932038903236389,509,137,627,389
2025-10-29_08-54-50,normal,0.7653801441192627,317,61,514,431
2025-10-29_08-54-50,normal,0.7999210953712463,313,65,512,431
2025-10-29_08-54-50,normal,0.7893655300140381,508,136,624,389
2025-10-29_08-54-51,normal,0.8147718906402588,313,63,512,431
2025-10-29_08-54-51,normal,0.7762113213539124,507,133,618,390
2025-10-29_08-54-51,normal,0.810741662979126,309,56,511,431
2025-10-29_08-54-51,normal,0.7602381706237793,506,135,615,391
2025-10-29_08-54-51,normal,0.7602256536483765,314,50,510,431
2025-10-29_08-54-51,normal,0.7546334266662598,504,137,612,391
2025-10-29_08-54-51,normal,0.7517499923706055,316,47,510,431
2025-10-29_08-54-51,normal,0.7333150506019592,505,136,612,391
2025-10-29_08-54-52,normal,0.8001008629798889,309,48,510,431
2025-10-29_08-54-52,normal,0.755052387714386,504,136,607,392
2025-10-29_08-54-52,normal,0.7979470491409302,310,41,510,431
2025-10-29_08-54-52,normal,0.7344556450843811,504,134,607,392
2025-10-29_08-54-52,normal,0.7914373874664307,309,36,512,431
2025-10-29_08-54-52,normal,0.6137349605560303,503,132,608,393
2025-10-29_08-54-52,normal,0.7994399666786194,312,35,515,431
2025-10-29_08-54-52,normal,0.4582439363002777,503,131,613,392
2025-10-29_08-54-52,normal,0.7774624228477478,319,42,516,431
2025-10-29_08-54-52,normal,0.5972532629966736,503,119,617,393
2025-10-29_08-54-53,normal,0.8021335005760193,321,39,519,432
2025-10-29_08-54-53,normal,0.4943819046020508,504,112,622,394
2025-10-29_08-54-53,normal,0.8400721549987793,325,43,524,431
2025-10-29_08-54-53,normal,0.6361085772514343,506,109,626,392
2025-10-29_08-54-53,normal,0.8476583957672119,329,47,528,431
2025-10-29_08-54-53,normal,0.7416171431541443,506,132,633,395
2025-10-29_08-54-53,normal,0.8282499313354492,331,55,530,431
2025-10-29_08-54-53,normal,0.7239097356796265,507,127,634,397
2025-10-29_08-54-54,normal,0.8196229338645935,341,65,533,432
2025-10-29_08-54-54,normal,0.708640456199646,508,129,636,398
2025-10-29_08-54-55,normal,0.7767359614372253,347,69,539,432
2025-10-29_08-54-55,normal,0.6014595031738281,510,131,637,399
2025-10-29_08-54-55,normal,0.8012638688087463,357,66,542,432
2025-10-29_08-54-55,normal,0.6992952823638916,510,127,640,399
2025-10-29_08-54-55,normal,0.7735583186149597,363,64,553,432
2025-10-29_08-54-55,normal,0.6295731067657471,508,96,640,401
2025-10-29_08-54-56,normal,0.7973507046699524,363,53,546,432
2025-10-29_08-54-56,normal,0.5386455059051514,510,89,638,403
2025-10-29_08-54-56,normal,0.7733986377716064,365,45,558,432
2025-10-29_08-54-56,normal,0.4740709662437439,508,77,642,403
2025-10-29_08-54-57,normal,0.789359986782074,374,38,635,428
2025-10-29_08-54-57,normal,0.8023579120635986,369,36,639,431
2025-10-29_08-54-57,normal,0.7127285599708557,376,33,559,431
2025-10-29_08-54-57,normal,0.6753534078598022,369,33,633,431
2025-10-29_08-54-58,normal,0.794070303440094,371,34,641,431
2025-10-29_08-54-58,normal,0.7567771673202515,385,36,627,429
2025-10-29_08-54-58,normal,0.7876493334770203,379,40,638,430
2025-10-29_08-54-58,normal,0.8074353933334351,380,41,608,431
2025-10-29_08-54-58,normal,0.8217288255691528,380,45,588,430
2025-10-29_08-54-59,normal,0.8489500880241394,379,47,590,430
2025-10-29_08-54-59,normal,0.8264825940132141,384,51,589,431
2025-10-29_08-54-59,normal,0.8292080163955688,386,53,590,431
2025-10-29_08-54-59,normal,0.8438835144042969,385,55,591,431
2025-10-29_08-55-00,normal,0.8340686559677124,387,55,597,431
2025-10-29_08-55-00,normal,0.8415567278862,389,57,603,431
2025-10-29_08-55-01,normal,0.8478094339370728,395,61,603,431
2025-10-29_08-55-01,normal,0.8394013047218323,398,66,599,432
